<?xml version="1.0" encoding="UTF-8"?>
<beans:beans xmlns="http://www.springframework.org/schema/integration"
	xmlns:xsi="http://www.w3.org/2001/XMLSchema-instance"
	xmlns:beans="http://www.springframework.org/schema/beans"
	xsi:schemaLocation="http://www.springframework.org/schema/beans
			http://www.springframework.org/schema/beans/spring-beans.xsd
			http://www.springframework.org/schema/integration
			http://www.springframework.org/schema/integration/spring-integration.xsd">

	<channel id="warehousechannel"/>
	<channel id="shippingchannel" />
	<channel id="normalshippingchannel" />
	<channel id="nextdayshippingchannel" />
	<channel id="internationalshippingchannel" />
	<channel id="domesticshippingchannel" />
	<channel id="orderreceivechannel" />

	<service-activator input-channel="warehousechannel"
	                   output-channel="shippingchannel"
	                   ref="warehouseservice"
	                   method="checkStock"/>

	<router method="route"
			input-channel="domesticshippingchannel">
		<beans:bean class="esb.ShippingRouter" />
	</router>

	<router method="route"
			input-channel="shippingchannel">
		<beans:bean class="esb.InternationalShippingRouter" />
	</router>

	<service-activator input-channel="internationalshippingchannel"
					   ref="internationalshippingservice"
					   method="ship" />

	<service-activator ref="shippingservice"
					   method="ship"
					   input-channel="normalshippingchannel"/>

	<service-activator input-channel="nextdayshippingchannel"
					   ref="nextdayshippingservice"
					   method="ship" />
	                   
	<beans:bean id="warehouseservice" class="esb.WarehouseActivator"/>
	<beans:bean id="shippingservice" class="esb.ShippingActivator"/>
	<beans:bean id="nextdayshippingservice" class="esb.NextDayShippingActivator" />
	<beans:bean id="internationalshippingservice" class="esb.InternationalShippingActivator" />
	
</beans:beans>
