{
	"info": {
		"_postman_id": "714c7bec-8bec-465b-abed-c17a96e9be6b",
		"name": "Lab12-Auth2",
		"schema": "https://schema.getpostman.com/json/collection/v2.1.0/collection.json"
	},
	"item": [
		{
			"name": "lab12-Auth2",
			"item": [
				{
					"name": "Request token user1 (Customer)",
					"request": {
						"auth": {
							"type": "basic",
							"basic": [
								{
									"key": "password",
									"value": "thisissecret",
									"type": "string"
								},
								{
									"key": "username",
									"value": "theClient",
									"type": "string"
								}
							]
						},
						"method": "POST",
						"header": [],
						"body": {
							"mode": "urlencoded",
							"urlencoded": [
								{
									"key": "grant_type",
									"value": "password",
									"type": "text"
								},
								{
									"key": "scope",
									"value": "webclient",
									"type": "text"
								},
								{
									"key": "username",
									"value": "user1",
									"type": "text"
								},
								{
									"key": "password",
									"value": "password1",
									"type": "text"
								}
							]
						},
						"url": {
							"raw": "http://localhost:8080/oauth/token",
							"protocol": "http",
							"host": [
								"localhost"
							],
							"port": "8080",
							"path": [
								"oauth",
								"token"
							]
						}
					},
					"response": []
				},
				{
					"name": "Request token user2 (customer and employee)",
					"request": {
						"auth": {
							"type": "basic",
							"basic": [
								{
									"key": "password",
									"value": "thisissecret",
									"type": "string"
								},
								{
									"key": "username",
									"value": "theClient",
									"type": "string"
								}
							]
						},
						"method": "POST",
						"header": [],
						"body": {
							"mode": "urlencoded",
							"urlencoded": [
								{
									"key": "grant_type",
									"value": "password",
									"type": "text"
								},
								{
									"key": "scope",
									"value": "webclient",
									"type": "text"
								},
								{
									"key": "username",
									"value": "user2",
									"type": "text"
								},
								{
									"key": "password",
									"value": "password1",
									"type": "text"
								}
							]
						},
						"url": {
							"raw": "http://localhost:8080/oauth/token",
							"protocol": "http",
							"host": [
								"localhost"
							],
							"port": "8080",
							"path": [
								"oauth",
								"token"
							]
						}
					},
					"response": []
				},
				{
					"name": "Request token user3 (customer, emp and manager)",
					"request": {
						"auth": {
							"type": "basic",
							"basic": [
								{
									"key": "password",
									"value": "thisissecret",
									"type": "string"
								},
								{
									"key": "username",
									"value": "theClient",
									"type": "string"
								}
							]
						},
						"method": "POST",
						"header": [],
						"body": {
							"mode": "urlencoded",
							"urlencoded": [
								{
									"key": "grant_type",
									"value": "password",
									"type": "text"
								},
								{
									"key": "scope",
									"value": "webclient",
									"type": "text"
								},
								{
									"key": "username",
									"value": "user3",
									"type": "text"
								},
								{
									"key": "password",
									"value": "password1",
									"type": "text"
								}
							]
						},
						"url": {
							"raw": "http://localhost:8080/oauth/token",
							"protocol": "http",
							"host": [
								"localhost"
							],
							"port": "8080",
							"path": [
								"oauth",
								"token"
							]
						}
					},
					"response": []
				},
				{
					"name": "Get user1 info",
					"request": {
						"auth": {
							"type": "bearer"
						},
						"method": "GET",
						"header": [
							{
								"warning": "This is a duplicate header and will be overridden by the Authorization header generated by Postman.",
								"key": "Authorization",
								"value": "Bearer c205b3f1-baae-4c77-8b9b-f5eff00d9320",
								"type": "text"
							}
						],
						"url": {
							"raw": "http://localhost:8080/user",
							"protocol": "http",
							"host": [
								"localhost"
							],
							"port": "8080",
							"path": [
								"user"
							]
						}
					},
					"response": []
				},
				{
					"name": "Get user2 info",
					"request": {
						"auth": {
							"type": "bearer"
						},
						"method": "GET",
						"header": [
							{
								"key": "Authorization",
								"value": "Bearer 57bfb169-ea8b-4824-81d4-f85648e16e0a",
								"type": "text"
							}
						],
						"url": {
							"raw": "http://localhost:8080/user",
							"protocol": "http",
							"host": [
								"localhost"
							],
							"port": "8080",
							"path": [
								"user"
							]
						}
					},
					"response": []
				},
				{
					"name": "Get user3 info",
					"request": {
						"auth": {
							"type": "bearer"
						},
						"method": "GET",
						"header": [
							{
								"key": "Authorization",
								"value": "Bearer 57bfb169-ea8b-4824-81d4-f85648e16e0a",
								"type": "text"
							}
						],
						"url": {
							"raw": "http://localhost:8080/user",
							"protocol": "http",
							"host": [
								"localhost"
							],
							"port": "8080",
							"path": [
								"user"
							]
						}
					},
					"response": []
				},
				{
					"name": "call ServiceA-name",
					"request": {
						"auth": {
							"type": "bearer"
						},
						"method": "GET",
						"header": [
							{
								"key": "Authorization",
								"value": "Bearer 57bfb169-ea8b-4824-81d4-f85648e16e0a",
								"type": "text"
							}
						],
						"url": {
							"raw": "http://localhost:8090/name",
							"protocol": "http",
							"host": [
								"localhost"
							],
							"port": "8090",
							"path": [
								"name"
							]
						}
					},
					"response": []
				},
				{
					"name": "call ServiceA-employeeinfo",
					"request": {
						"auth": {
							"type": "bearer"
						},
						"method": "GET",
						"header": [
							{
								"key": "Authorization",
								"value": "Bearer 57bfb169-ea8b-4824-81d4-f85648e16e0a",
								"type": "text"
							}
						],
						"url": {
							"raw": "http://localhost:8090/employeeinfo",
							"protocol": "http",
							"host": [
								"localhost"
							],
							"port": "8090",
							"path": [
								"employeeinfo"
							]
						}
					},
					"response": []
				},
				{
					"name": "call ServiceA-managerinfo(error)",
					"request": {
						"method": "GET",
						"header": [
							{
								"key": "Authorization",
								"value": "Bearer 57bfb169-ea8b-4824-81d4-f85648e16e0a",
								"type": "text"
							}
						],
						"url": {
							"raw": "http://localhost:8090/managerinfo",
							"protocol": "http",
							"host": [
								"localhost"
							],
							"port": "8090",
							"path": [
								"managerinfo"
							],
							"query": [
								{
									"key": "authen",
									"value": null,
									"disabled": true
								}
							]
						}
					},
					"response": []
				},
				{
					"name": "call ServiceA-managerinfo Copy",
					"request": {
						"method": "GET",
						"header": [
							{
								"key": "Authorization",
								"value": "Bearer c205b3f1-baae-4c77-8b9b-f5eff00d9320",
								"type": "text"
							}
						],
						"url": {
							"raw": "http://localhost:8090/managerinfo",
							"protocol": "http",
							"host": [
								"localhost"
							],
							"port": "8090",
							"path": [
								"managerinfo"
							],
							"query": [
								{
									"key": "authen",
									"value": null,
									"disabled": true
								}
							]
						}
					},
					"response": []
				},
				{
					"name": "call ServiceB-publicinfo",
					"request": {
						"method": "GET",
						"header": [
							{
								"key": "Authorization",
								"value": "Bearer c205b3f1-baae-4c77-8b9b-f5eff00d9320",
								"type": "text",
								"disabled": true
							}
						],
						"url": {
							"raw": "http://localhost:8091/publicinfo",
							"protocol": "http",
							"host": [
								"localhost"
							],
							"port": "8091",
							"path": [
								"publicinfo"
							],
							"query": [
								{
									"key": "authen",
									"value": null,
									"disabled": true
								}
							]
						}
					},
					"response": []
				},
				{
					"name": "call ServiceC - Salary",
					"request": {
						"method": "GET",
						"header": [
							{
								"key": "Authorization",
								"value": "Bearer c205b3f1-baae-4c77-8b9b-f5eff00d9320",
								"type": "text",
								"disabled": true
							}
						],
						"url": {
							"raw": "http://localhost:8091/publicinfo",
							"protocol": "http",
							"host": [
								"localhost"
							],
							"port": "8091",
							"path": [
								"publicinfo"
							],
							"query": [
								{
									"key": "authen",
									"value": null,
									"disabled": true
								}
							]
						}
					},
					"response": []
				}
			]
		}
	]
}