<?xml version="1.0" encoding="UTF-8"?>
<beans:beans xmlns="http://www.springframework.org/schema/integration"
        xmlns:xsi="http://www.w3.org/2001/XMLSchema-instance"
        xmlns:beans="http://www.springframework.org/schema/beans"
        xmlns:int-http="http://www.springframework.org/schema/integration/http"
        xsi:schemaLocation="http://www.springframework.org/schema/beans
        http://www.springframework.org/schema/beans/spring-beans.xsd
        http://www.springframework.org/schema/integration/http 
        http://www.springframework.org/schema/integration/http/spring-integration-http.xsd
        http://www.springframework.org/schema/integration
        http://www.springframework.org/schema/integration/spring-integration.xsd">


  <!-- <channel id="inputChannel"/> 
  <service-activator input-channel="inputChannel"
                     ref="helloService"
                     method="sayHello"/>

  <beans:bean id="helloService" class="integration.HelloService"/>-->
  
  <channel id="channel1"/>
  <channel id="channel2"/>
  <channel id="normalshippingchannel"/>
  <channel id="nextdayshippingchannel"/>

                     
  <service-activator input-channel="channel1"
                     output-channel="channel2"
                     ref="warehouseService"
                     method="printOrder"/>

  <router method="route" input-channel="channel2">
    	<beans:bean class="integration.service.ShippingService" />
  </router>

  <service-activator input-channel="normalshippingchannel"
                     ref="shippingServiceNormal"
                     method="printOrder"/>

  <service-activator input-channel="nextdayshippingchannel"
                     ref="shippingServiceNextDay"
                     method="printOrder"/>


  <beans:bean id="warehouseService" class="integration.service.WarehouseService"/>
  <beans:bean id="shippingServiceNormal" class="integration.service.ShippingServiceNormal"/>
  <beans:bean id="shippingServiceNextDay" class="integration.service.ShippingServiceNextDay"/>
  
</beans:beans>
