<?xml version="1.0" encoding="UTF-8"?>
<beans:beans xmlns="http://www.springframework.org/schema/integration"
	xmlns:xsi="http://www.w3.org/2001/XMLSchema-instance"
	xmlns:beans="http://www.springframework.org/schema/beans"
	xsi:schemaLocation="http://www.springframework.org/schema/beans
			http://www.springframework.org/schema/beans/spring-beans.xsd
			http://www.springframework.org/schema/integration
			http://www.springframework.org/schema/integration/spring-integration.xsd">
	<channel id="orderreceivechannel" />
	<channel id="wharehousechannel"/>
	<channel id="shippingchannel"/>
	<channel id="shippingtomorrowchannel"/>
	<channel id="shippinginternationalchannel"/>
	<router method="route" input-channel="orderreceivechannel">
		<beans:bean class="esb.OrderRouter" />
	</router>
	<service-activator input-channel="wharehousechannel"
	                   output-channel="orderreceivechannel"
	                   ref="warehouseservice"
	                   method="checkStock"/>
	<service-activator input-channel="shippinginternationalchannel"
					   ref="shippinginternationalservice"
					   method="ship"/>
	<service-activator input-channel="shippingchannel"
	                   ref="shippingservice"
	                   method="ship"/>
	<service-activator input-channel="shippingtomorrowchannel"
					   ref="shippingtomorrowservice"
					   method="ship"/>
	                   
	<beans:bean id="warehouseservice" class="esb.WarehouseActivator"/>
	<beans:bean id="shippingservice" class="esb.ShippingActivator"/>
	<beans:bean id="shippingtomorrowservice" class="esb.ShippingTomorrowActivator"/>
	<beans:bean id="shippinginternationalservice" class="esb.ShippingInternationalActivator"/>
</beans:beans>
